{
    "aliases": {
        "meter": ["m", "meter", "meters", "metro", "metros"],
        "kilometer": ["km", "kilometer", "kilometers", "kilometro", "kilometros"]
    },
    "meter": {
        "kilometer": 0.001,
        "centimeter": 100,
        "milimeter": 1000,
        "micrometer": 1000000,
        "nanometer": 1000000000,
        "mile": 0.0006213689,
        "yard": 1.0936132983,
        "foot": 3.280839895,
        "inch": 39.37007874,
        "light_year": 1.057008707E-16
    },
    "kilometer": {
        "meter": 1000,
        "centimeter": 100000,
        "milimeter": 1000000,
        "micrometer": 1000000000,
        "nanometer": 1000000000000,
        "mile": 0.6213688756,
        "yard": 1093.6132983,
        "foot": 3280.839895,
        "inch": 39370.07874,
        "light_year": 1.057008707E-13
    }
}